station_id,station_name,observed_at,rain_1h_mm,rain_acc_mm
-722,Khoen On,2026-06-01 00:00:00,0.0,0.0
-722,Khoen On,2026-06-01 01:00:00,0.0,0.0
-722,Khoen On,2026-06-01 02:00:00,0.0,0.0
-722,Khoen On,2026-06-01 03:00:00,0.0,0.0
-722,Khoen On,2026-06-01 04:00:00,0.0,0.0
-722,Khoen On,2026-06-01 05:00:00,0.0,0.0
-722,Khoen On,2026-06-01 06:00:00,0.0,0.0
-722,Khoen On,2026-06-01 07:00:00,0.0,0.0
-722,Khoen On,2026-06-01 08:00:00,0.0,0.0
-722,Khoen On,2026-06-01 09:00:00,0.0,0.0
-722,Khoen On,2026-06-01 10:00:00,,0.0
-722,Khoen On,2026-06-01 11:00:00,,0.0
-722,Khoen On,2026-06-01 12:00:00,,0.0
-722,Khoen On,2026-06-01 13:00:00,,0.0
-722,Khoen On,2026-06-01 14:00:00,,0.0
-722,Khoen On,2026-06-01 15:00:00,,0.0
-722,Khoen On,2026-06-01 16:00:00,,0.0
-722,Khoen On,2026-06-01 17:00:00,,0.0
-722,Khoen On,2026-06-01 18:00:00,,0.0
-722,Khoen On,2026-06-01 19:00:00,,0.0
-722,Khoen On,2026-06-01 20:00:00,,0.0
-722,Khoen On,2026-06-01 21:00:00,,0.0
-722,Khoen On,2026-06-01 22:00:00,,0.0
-722,Khoen On,2026-06-01 23:00:00,,0.0
-722,Khoen On,2026-06-02 00:00:00,,0.0
-722,Khoen On,2026-06-02 01:00:00,,0.0
-722,Khoen On,2026-06-02 02:00:00,,0.0
-722,Khoen On,2026-06-02 03:00:00,,0.0
-722,Khoen On,2026-06-02 04:00:00,,0.0
-722,Khoen On,2026-06-02 05:00:00,,0.0
-722,Khoen On,2026-06-02 06:00:00,,0.0
-722,Khoen On,2026-06-02 07:00:00,,0.0
-722,Khoen On,2026-06-02 08:00:00,,0.0
-722,Khoen On,2026-06-02 09:00:00,,0.0
-722,Khoen On,2026-06-02 10:00:00,,0.0
-722,Khoen On,2026-06-02 11:00:00,,0.0
-722,Khoen On,2026-06-02 12:00:00,,0.0
-722,Khoen On,2026-06-02 13:00:00,,0.0
-722,Khoen On,2026-06-02 14:00:00,,0.0
-722,Khoen On,2026-06-02 15:00:00,,0.0
-722,Khoen On,2026-06-02 16:00:00,,0.0
-722,Khoen On,2026-06-02 17:00:00,,0.0
-722,Khoen On,2026-06-02 18:00:00,,0.0
-722,Khoen On,2026-06-02 19:00:00,,0.0
-722,Khoen On,2026-06-02 20:00:00,,0.0
-722,Khoen On,2026-06-02 21:00:00,,0.0
-722,Khoen On,2026-06-02 22:00:00,,0.0
-722,Khoen On,2026-06-02 23:00:00,,0.0
-722,Khoen On,2026-06-03 00:00:00,,0.0
-722,Khoen On,2026-06-03 01:00:00,,0.0
-722,Khoen On,2026-06-03 02:00:00,,0.0
-722,Khoen On,2026-06-03 03:00:00,,0.0
-722,Khoen On,2026-06-03 04:00:00,,0.0
-722,Khoen On,2026-06-03 05:00:00,,0.0
-722,Khoen On,2026-06-03 06:00:00,,0.0
-722,Khoen On,2026-06-03 07:00:00,,0.0
-722,Khoen On,2026-06-03 08:00:00,,0.0
-722,Khoen On,2026-06-03 09:00:00,,0.0
-722,Khoen On,2026-06-03 10:00:00,,0.0
-722,Khoen On,2026-06-03 11:00:00,,0.0
-722,Khoen On,2026-06-03 12:00:00,,0.0
-722,Khoen On,2026-06-03 13:00:00,,0.0
-722,Khoen On,2026-06-03 14:00:00,,0.0
-722,Khoen On,2026-06-03 15:00:00,,0.0
-722,Khoen On,2026-06-03 16:00:00,,0.0
-722,Khoen On,2026-06-03 17:00:00,,0.0
-722,Khoen On,2026-06-03 18:00:00,,0.0
-722,Khoen On,2026-06-03 19:00:00,,0.0
-722,Khoen On,2026-06-03 20:00:00,,0.0
-722,Khoen On,2026-06-03 21:00:00,,0.0
-722,Khoen On,2026-06-03 22:00:00,,0.0
-722,Khoen On,2026-06-03 23:00:00,,0.0
-722,Khoen On,2026-06-04 00:00:00,,0.0
-722,Khoen On,2026-06-04 01:00:00,,0.0
-722,Khoen On,2026-06-04 02:00:00,,0.0
-722,Khoen On,2026-06-04 03:00:00,,0.0
-722,Khoen On,2026-06-04 04:00:00,,0.0
-722,Khoen On,2026-06-04 05:00:00,,0.0
-722,Khoen On,2026-06-04 06:00:00,0.0,0.0
-722,Khoen On,2026-06-04 07:00:00,0.0,0.0
-722,Khoen On,2026-06-04 08:00:00,0.0,0.0
-722,Khoen On,2026-06-04 09:00:00,0.0,0.0
-722,Khoen On,2026-06-04 10:00:00,0.0,0.0
-722,Khoen On,2026-06-04 11:00:00,0.0,0.0
-722,Khoen On,2026-06-04 12:00:00,0.0,0.0
-722,Khoen On,2026-06-04 13:00:00,0.0,0.0
-722,Khoen On,2026-06-04 14:00:00,0.0,0.0
-722,Khoen On,2026-06-04 15:00:00,0.0,0.0
-722,Khoen On,2026-06-04 16:00:00,0.0,0.0
-722,Khoen On,2026-06-04 17:00:00,0.0,0.0
-722,Khoen On,2026-06-04 18:00:00,0.0,0.0
-722,Khoen On,2026-06-04 19:00:00,0.0,0.0
-722,Khoen On,2026-06-04 20:00:00,0.0,0.0
-722,Khoen On,2026-06-04 21:00:00,0.0,0.0
-722,Khoen On,2026-06-04 22:00:00,0.0,0.0
-722,Khoen On,2026-06-04 23:00:00,0.0,0.0
-722,Khoen On,2026-06-05 00:00:00,0.0,0.0
-722,Khoen On,2026-06-05 01:00:00,0.0,0.0
-722,Khoen On,2026-06-05 02:00:00,0.0,0.0
-722,Khoen On,2026-06-05 03:00:00,0.0,0.0
-722,Khoen On,2026-06-05 04:00:00,14.199999809265137,14.199999809265137
-722,Khoen On,2026-06-05 05:00:00,6.0,20.199999809265137
-722,Khoen On,2026-06-05 06:00:00,9.199999809265137,29.399999618530273
-722,Khoen On,2026-06-05 07:00:00,26.399999618530273,55.79999923706055
-722,Khoen On,2026-06-05 08:00:00,16.0,71.79999923706055
-722,Khoen On,2026-06-05 09:00:00,3.5999999046325684,75.39999914169312
-722,Khoen On,2026-06-05 10:00:00,1.2000000476837158,76.59999918937683
-722,Khoen On,2026-06-05 11:00:00,1.600000023841858,78.19999921321869
-722,Khoen On,2026-06-05 12:00:00,0.4000000059604645,78.59999921917915
-722,Khoen On,2026-06-05 13:00:00,0.0,78.59999921917915
-722,Khoen On,2026-06-05 14:00:00,0.0,78.59999921917915
-722,Khoen On,2026-06-05 15:00:00,0.0,78.59999921917915
-722,Khoen On,2026-06-05 16:00:00,0.0,78.59999921917915
-722,Khoen On,2026-06-05 17:00:00,0.0,78.59999921917915
-722,Khoen On,2026-06-05 18:00:00,0.0,78.59999921917915
-722,Khoen On,2026-06-05 19:00:00,0.0,78.59999921917915
-722,Khoen On,2026-06-05 20:00:00,0.0,78.59999921917915
-722,Khoen On,2026-06-05 21:00:00,0.0,78.59999921917915
-722,Khoen On,2026-06-05 22:00:00,0.0,78.59999921917915
-722,Khoen On,2026-06-05 23:00:00,0.0,78.59999921917915
-722,Khoen On,2026-06-06 00:00:00,0.0,0.0
-722,Khoen On,2026-06-06 01:00:00,0.0,0.0
-722,Khoen On,2026-06-06 02:00:00,0.0,0.0
-722,Khoen On,2026-06-06 03:00:00,0.0,0.0
-722,Khoen On,2026-06-06 04:00:00,0.0,0.0
-722,Khoen On,2026-06-06 05:00:00,2.799999952316284,2.799999952316284
-722,Khoen On,2026-06-06 06:00:00,0.0,2.799999952316284
-722,Khoen On,2026-06-06 07:00:00,0.0,3.0
-722,Khoen On,2026-06-06 08:00:00,0.0,3.0
-722,Khoen On,2026-06-06 09:00:00,0.0,3.0
-722,Khoen On,2026-06-06 10:00:00,0.0,3.0
-722,Khoen On,2026-06-06 11:00:00,0.0,3.0
-722,Khoen On,2026-06-06 12:00:00,0.0,3.0
-722,Khoen On,2026-06-06 13:00:00,0.0,3.0
-722,Khoen On,2026-06-06 14:00:00,0.0,3.0
-722,Khoen On,2026-06-06 15:00:00,0.0,3.0
-722,Khoen On,2026-06-06 16:00:00,0.0,3.0
-722,Khoen On,2026-06-06 17:00:00,0.0,3.0
-722,Khoen On,2026-06-06 18:00:00,0.0,3.0
-722,Khoen On,2026-06-06 19:00:00,20.600000381469727,3.0
-722,Khoen On,2026-06-06 20:00:00,0.0,23.600000381469727
-722,Khoen On,2026-06-06 21:00:00,0.0,23.600000381469727
-722,Khoen On,2026-06-06 22:00:00,0.0,23.600000381469727
-722,Khoen On,2026-06-06 23:00:00,0.0,23.600000381469727
-722,Khoen On,2026-06-07 00:00:00,0.0,0.0
-722,Khoen On,2026-06-07 01:00:00,0.0,0.0
-722,Khoen On,2026-06-07 02:00:00,0.0,0.0
-722,Khoen On,2026-06-07 03:00:00,0.0,0.0
-722,Khoen On,2026-06-07 04:00:00,0.0,0.0
-722,Khoen On,2026-06-07 05:00:00,0.0,0.0
-722,Khoen On,2026-06-07 06:00:00,0.0,0.0
-722,Khoen On,2026-06-07 07:00:00,0.0,0.0
-722,Khoen On,2026-06-07 08:00:00,0.0,0.0
-722,Khoen On,2026-06-07 09:00:00,0.0,0.0
-722,Khoen On,2026-06-07 10:00:00,0.0,0.0
-722,Khoen On,2026-06-07 11:00:00,0.0,0.0
-722,Khoen On,2026-06-07 12:00:00,0.0,0.0
-722,Khoen On,2026-06-07 13:00:00,0.0,0.0
-722,Khoen On,2026-06-07 14:00:00,0.0,0.0
-722,Khoen On,2026-06-07 15:00:00,0.0,0.0
-722,Khoen On,2026-06-07 16:00:00,0.0,0.0
-722,Khoen On,2026-06-07 17:00:00,0.0,0.0
-722,Khoen On,2026-06-07 18:00:00,0.0,0.0
-722,Khoen On,2026-06-07 19:00:00,0.4000000059604645,0.0
-722,Khoen On,2026-06-07 20:00:00,3.5999999046325684,0.4000000059604645
-722,Khoen On,2026-06-07 21:00:00,0.0,10.400000095367432
-722,Khoen On,2026-06-07 22:00:00,1.2000000476837158,10.400000095367432
-722,Khoen On,2026-06-07 23:00:00,6.599999904632568,11.600000143051147
-722,Khoen On,2026-06-08 00:00:00,0.0,14.599999904632568
-722,Khoen On,2026-06-08 01:00:00,0.0,14.599999904632568
-722,Khoen On,2026-06-08 02:00:00,0.0,14.599999904632568
-722,Khoen On,2026-06-08 03:00:00,0.0,14.599999904632568
-722,Khoen On,2026-06-08 04:00:00,1.399999976158142,14.599999904632568
-722,Khoen On,2026-06-08 05:00:00,0.0,15.99999988079071
-722,Khoen On,2026-06-08 06:00:00,0.0,15.99999988079071
-722,Khoen On,2026-06-08 07:00:00,0.0,15.99999988079071
-722,Khoen On,2026-06-08 08:00:00,0.0,15.99999988079071
-722,Khoen On,2026-06-08 09:00:00,0.0,15.99999988079071
-722,Khoen On,2026-06-08 10:00:00,0.0,15.99999988079071
-722,Khoen On,2026-06-08 11:00:00,0.0,15.99999988079071
-722,Khoen On,2026-06-08 12:00:00,0.0,15.99999988079071
-722,Khoen On,2026-06-08 13:00:00,0.0,15.99999988079071
-722,Khoen On,2026-06-08 14:00:00,0.0,15.99999988079071
-722,Khoen On,2026-06-08 15:00:00,0.0,15.99999988079071
-722,Khoen On,2026-06-08 16:00:00,4.599999904632568,15.99999988079071
-722,Khoen On,2026-06-08 17:00:00,2.0,20.59999978542328
-722,Khoen On,2026-06-08 18:00:00,0.0,24.800000071525574
-722,Khoen On,2026-06-08 19:00:00,0.0,24.800000071525574
-722,Khoen On,2026-06-08 20:00:00,0.0,24.800000071525574
-722,Khoen On,2026-06-08 21:00:00,0.0,24.800000071525574
-722,Khoen On,2026-06-08 22:00:00,0.0,24.800000071525574
-722,Khoen On,2026-06-08 23:00:00,0.0,24.800000071525574
-722,Khoen On,2026-06-09 00:00:00,0.0,0.0
-722,Khoen On,2026-06-09 01:00:00,0.0,0.0
-722,Khoen On,2026-06-09 02:00:00,0.0,0.0
-722,Khoen On,2026-06-09 03:00:00,0.0,0.0
-722,Khoen On,2026-06-09 04:00:00,0.6000000238418579,0.0
-722,Khoen On,2026-06-09 05:00:00,15.800000190734863,0.6000000238418579
-722,Khoen On,2026-06-09 06:00:00,14.199999809265137,17.00000023841858
-722,Khoen On,2026-06-09 07:00:00,6.400000095367432,36.39999985694885
-722,Khoen On,2026-06-09 08:00:00,8.199999809265137,45.99999976158142
-722,Khoen On,2026-06-09 09:00:00,3.5999999046325684,54.799999475479126
-722,Khoen On,2026-06-09 10:00:00,0.4000000059604645,59.99999976158142
-722,Khoen On,2026-06-09 11:00:00,0.0,60.5999998152256
-722,Khoen On,2026-06-09 12:00:00,0.4000000059604645,60.5999998152256
-722,Khoen On,2026-06-09 13:00:00,2.0,60.999999821186066
-722,Khoen On,2026-06-09 14:00:00,1.600000023841858,63.39999982714653
-722,Khoen On,2026-06-09 15:00:00,1.7999999523162842,65.1999998986721
-722,Khoen On,2026-06-09 16:00:00,3.4000000953674316,66.99999985098839
-722,Khoen On,2026-06-09 17:00:00,1.600000023841858,70.80000004172325
-722,Khoen On,2026-06-09 18:00:00,0.800000011920929,72.99999997019768
-722,Khoen On,2026-06-09 19:00:00,0.4000000059604645,73.7999999821186
-722,Khoen On,2026-06-09 20:00:00,0.4000000059604645,74.60000002384186
-722,Khoen On,2026-06-09 21:00:00,0.6000000238418579,75.00000002980232
-722,Khoen On,2026-06-09 22:00:00,1.0,75.00000002980232
-722,Khoen On,2026-06-09 23:00:00,0.20000000298023224,76.60000005364418
-722,Khoen On,2026-06-10 00:00:00,0.4000000059604645,2.2000000327825546
-722,Khoen On,2026-06-10 01:00:00,0.4000000059604645,2.8000000417232513
-722,Khoen On,2026-06-10 02:00:00,2.0,3.200000047683716
-722,Khoen On,2026-06-10 03:00:00,0.800000011920929,5.400000065565109
-722,Khoen On,2026-06-10 04:00:00,0.4000000059604645,6.799999982118607
-722,Khoen On,2026-06-10 05:00:00,0.20000000298023224,7.199999988079071
-722,Khoen On,2026-06-10 06:00:00,0.0,7.399999991059303
-722,Khoen On,2026-06-10 07:00:00,0.0,7.399999991059303
-722,Khoen On,2026-06-10 08:00:00,0.0,7.399999991059303
-722,Khoen On,2026-06-10 09:00:00,0.0,7.399999991059303
-722,Khoen On,2026-06-10 10:00:00,0.20000000298023224,7.5999999940395355
-722,Khoen On,2026-06-10 11:00:00,0.0,7.5999999940395355
-722,Khoen On,2026-06-10 12:00:00,0.0,7.5999999940395355
-722,Khoen On,2026-06-10 13:00:00,0.0,7.5999999940395355
-722,Khoen On,2026-06-10 14:00:00,0.0,7.5999999940395355
-722,Khoen On,2026-06-10 15:00:00,,7.5999999940395355
-722,Khoen On,2026-06-10 16:00:00,0.0,7.5999999940395355
-722,Khoen On,2026-06-10 17:00:00,0.0,7.5999999940395355
-722,Khoen On,2026-06-10 18:00:00,0.0,7.5999999940395355
-722,Khoen On,2026-06-10 19:00:00,0.0,7.5999999940395355
-722,Khoen On,2026-06-10 20:00:00,0.0,7.5999999940395355
-722,Khoen On,2026-06-10 21:00:00,0.0,7.5999999940395355
-722,Khoen On,2026-06-10 22:00:00,0.0,7.5999999940395355
-722,Khoen On,2026-06-10 23:00:00,0.0,7.5999999940395355
-722,Khoen On,2026-06-11 00:00:00,0.0,0.0
-722,Khoen On,2026-06-11 01:00:00,0.0,0.0
-722,Khoen On,2026-06-11 02:00:00,0.0,0.0
-722,Khoen On,2026-06-11 03:00:00,0.0,0.0
-722,Khoen On,2026-06-11 04:00:00,0.0,0.0
-722,Khoen On,2026-06-11 05:00:00,1.7999999523162842,0.0
-722,Khoen On,2026-06-11 06:00:00,0.4000000059604645,1.7999999523162842
-722,Khoen On,2026-06-11 07:00:00,0.0,2.4000000059604645
-722,Khoen On,2026-06-11 08:00:00,0.0,2.4000000059604645
-722,Khoen On,2026-06-11 09:00:00,0.0,2.4000000059604645
-722,Khoen On,2026-06-11 10:00:00,0.0,2.4000000059604645
-722,Khoen On,2026-06-11 11:00:00,0.0,2.4000000059604645
-722,Khoen On,2026-06-11 12:00:00,0.0,2.4000000059604645
-722,Khoen On,2026-06-11 13:00:00,0.0,2.4000000059604645
-722,Khoen On,2026-06-11 14:00:00,0.0,2.4000000059604645
-722,Khoen On,2026-06-11 15:00:00,0.0,2.4000000059604645
-722,Khoen On,2026-06-11 16:00:00,0.0,2.4000000059604645
-722,Khoen On,2026-06-11 17:00:00,0.0,2.4000000059604645
-722,Khoen On,2026-06-11 18:00:00,0.0,2.4000000059604645
-722,Khoen On,2026-06-11 19:00:00,0.0,2.4000000059604645
-722,Khoen On,2026-06-11 20:00:00,0.0,2.4000000059604645
-722,Khoen On,2026-06-11 21:00:00,5.800000190734863,2.4000000059604645
-722,Khoen On,2026-06-11 22:00:00,29.600000381469727,8.200000196695328
-722,Khoen On,2026-06-11 23:00:00,12.800000190734863,42.800000578165054
-722,Khoen On,2026-06-12 00:00:00,0.800000011920929,56.19999885559082
-722,Khoen On,2026-06-12 01:00:00,0.0,57.79999905824661
-722,Khoen On,2026-06-12 02:00:00,2.200000047683716,58.1999990940094
-722,Khoen On,2026-06-12 03:00:00,0.0,60.399999141693115
-722,Khoen On,2026-06-12 04:00:00,0.0,60.79999899864197
-722,Khoen On,2026-06-12 05:00:00,0.20000000298023224,60.79999899864197
-722,Khoen On,2026-06-12 06:00:00,0.4000000059604645,60.9999990016222
-722,Khoen On,2026-06-12 07:00:00,2.4000000953674316,61.399999007582664
-722,Khoen On,2026-06-12 08:00:00,0.800000011920929,63.799999102950096
-722,Khoen On,2026-06-12 09:00:00,0.0,65.59999911487103
-722,Khoen On,2026-06-12 10:00:00,0.0,65.59999911487103
-722,Khoen On,2026-06-12 11:00:00,0.0,65.59999911487103
-722,Khoen On,2026-06-12 12:00:00,0.0,65.59999911487103
-722,Khoen On,2026-06-12 13:00:00,0.0,65.59999911487103
-722,Khoen On,2026-06-12 14:00:00,0.0,65.59999911487103
-722,Khoen On,2026-06-12 15:00:00,0.0,65.59999911487103
-722,Khoen On,2026-06-12 16:00:00,0.0,65.59999911487103
-722,Khoen On,2026-06-12 17:00:00,0.0,65.59999911487103
-722,Khoen On,2026-06-12 18:00:00,0.0,65.59999911487103
-722,Khoen On,2026-06-12 19:00:00,0.0,65.59999911487103
-722,Khoen On,2026-06-12 20:00:00,0.0,65.59999911487103
-722,Khoen On,2026-06-12 21:00:00,0.0,65.59999911487103
-722,Khoen On,2026-06-12 22:00:00,0.0,65.59999911487103
-722,Khoen On,2026-06-12 23:00:00,0.0,65.59999911487103
-722,Khoen On,2026-06-13 00:00:00,0.0,0.0
-722,Khoen On,2026-06-13 01:00:00,0.0,0.0
-722,Khoen On,2026-06-13 02:00:00,0.0,0.0
-722,Khoen On,2026-06-13 03:00:00,0.0,0.0
-722,Khoen On,2026-06-13 04:00:00,0.0,0.0
-722,Khoen On,2026-06-13 05:00:00,0.0,0.0
-722,Khoen On,2026-06-13 06:00:00,0.0,0.0
-722,Khoen On,2026-06-13 07:00:00,0.0,0.0
-722,Khoen On,2026-06-13 08:00:00,0.0,0.0
-722,Khoen On,2026-06-13 09:00:00,0.0,0.0
-722,Khoen On,2026-06-13 10:00:00,0.0,0.0
-722,Khoen On,2026-06-13 11:00:00,0.0,0.0
-722,Khoen On,2026-06-13 12:00:00,0.0,0.0
-722,Khoen On,2026-06-13 13:00:00,0.0,0.0
-722,Khoen On,2026-06-13 14:00:00,0.0,0.0
-722,Khoen On,2026-06-13 15:00:00,0.0,0.0
-722,Khoen On,2026-06-13 16:00:00,0.0,0.0
-722,Khoen On,2026-06-13 17:00:00,0.0,0.0
-722,Khoen On,2026-06-13 18:00:00,0.0,0.0
-722,Khoen On,2026-06-13 19:00:00,0.0,0.0
-722,Khoen On,2026-06-13 20:00:00,0.0,0.0
-722,Khoen On,2026-06-13 21:00:00,0.0,0.0
-722,Khoen On,2026-06-13 22:00:00,0.0,0.0
-722,Khoen On,2026-06-13 23:00:00,0.0,0.0
-722,Khoen On,2026-06-14 00:00:00,0.0,0.0
-722,Khoen On,2026-06-14 01:00:00,0.0,0.0
-722,Khoen On,2026-06-14 02:00:00,0.0,0.0
-722,Khoen On,2026-06-14 03:00:00,0.0,0.0
-722,Khoen On,2026-06-14 04:00:00,0.0,0.0
-722,Khoen On,2026-06-14 05:00:00,0.0,0.0
-722,Khoen On,2026-06-14 06:00:00,0.0,0.0
-722,Khoen On,2026-06-14 07:00:00,0.0,0.0
-722,Khoen On,2026-06-14 08:00:00,0.0,0.0
-722,Khoen On,2026-06-14 09:00:00,0.0,0.0
-722,Khoen On,2026-06-14 10:00:00,0.0,0.0
-722,Khoen On,2026-06-14 11:00:00,0.0,0.0
-722,Khoen On,2026-06-14 12:00:00,0.0,0.0
-722,Khoen On,2026-06-14 13:00:00,0.0,0.0
-722,Khoen On,2026-06-14 14:00:00,0.0,0.0
-722,Khoen On,2026-06-14 15:00:00,0.0,0.0
-722,Khoen On,2026-06-14 16:00:00,0.0,0.0
-722,Khoen On,2026-06-14 17:00:00,0.0,0.0
-722,Khoen On,2026-06-14 18:00:00,0.0,0.0
-722,Khoen On,2026-06-14 19:00:00,0.0,0.0
-722,Khoen On,2026-06-14 20:00:00,0.0,0.0
-722,Khoen On,2026-06-14 21:00:00,0.0,0.0
-722,Khoen On,2026-06-14 22:00:00,0.0,0.0
-722,Khoen On,2026-06-14 23:00:00,0.20000000298023224,0.0
-722,Khoen On,2026-06-15 00:00:00,0.0,0.20000000298023224
-722,Khoen On,2026-06-15 01:00:00,0.0,0.20000000298023224
-722,Khoen On,2026-06-15 02:00:00,0.0,0.20000000298023224
-722,Khoen On,2026-06-15 03:00:00,0.0,0.20000000298023224
-722,Khoen On,2026-06-15 04:00:00,0.0,0.20000000298023224
-722,Khoen On,2026-06-15 05:00:00,0.0,0.20000000298023224
-722,Khoen On,2026-06-15 06:00:00,0.0,0.20000000298023224
-722,Khoen On,2026-06-15 07:00:00,0.0,0.20000000298023224
-722,Khoen On,2026-06-15 08:00:00,0.0,0.20000000298023224
-722,Khoen On,2026-06-15 09:00:00,0.0,0.20000000298023224
-722,Khoen On,2026-06-15 10:00:00,0.0,0.20000000298023224
-722,Khoen On,2026-06-15 11:00:00,0.0,0.20000000298023224
-722,Khoen On,2026-06-15 12:00:00,0.0,0.20000000298023224
-722,Khoen On,2026-06-15 13:00:00,0.0,0.20000000298023224
-722,Khoen On,2026-06-15 14:00:00,0.0,0.20000000298023224
-722,Khoen On,2026-06-15 15:00:00,0.0,0.20000000298023224
-722,Khoen On,2026-06-15 16:00:00,0.0,0.20000000298023224
-722,Khoen On,2026-06-15 17:00:00,0.0,0.20000000298023224
-722,Khoen On,2026-06-15 18:00:00,,0.20000000298023224
-722,Khoen On,2026-06-15 19:00:00,0.0,0.20000000298023224
-722,Khoen On,2026-06-15 20:00:00,0.0,0.20000000298023224
-722,Khoen On,2026-06-15 21:00:00,0.0,0.20000000298023224
-722,Khoen On,2026-06-15 22:00:00,0.0,0.20000000298023224
-722,Khoen On,2026-06-15 23:00:00,0.0,0.20000000298023224
-722,Khoen On,2026-06-16 00:00:00,0.0,0.0
-722,Khoen On,2026-06-16 01:00:00,0.0,0.0
-722,Khoen On,2026-06-16 02:00:00,0.0,0.0
-722,Khoen On,2026-06-16 03:00:00,0.0,0.0
-722,Khoen On,2026-06-16 04:00:00,0.0,0.0
-722,Khoen On,2026-06-16 05:00:00,0.0,0.0
-722,Khoen On,2026-06-16 06:00:00,0.0,0.0
-722,Khoen On,2026-06-16 07:00:00,0.0,0.0
-722,Khoen On,2026-06-16 08:00:00,0.0,0.0
-722,Khoen On,2026-06-16 09:00:00,0.0,0.0
-722,Khoen On,2026-06-16 10:00:00,0.0,0.0
-722,Khoen On,2026-06-16 11:00:00,0.0,0.0
-722,Khoen On,2026-06-16 12:00:00,0.0,0.0
-722,Khoen On,2026-06-16 13:00:00,0.0,0.0
-722,Khoen On,2026-06-16 14:00:00,0.0,0.0
-722,Khoen On,2026-06-16 15:00:00,1.2000000476837158,0.0
-722,Khoen On,2026-06-16 16:00:00,0.0,1.400000050663948
-722,Khoen On,2026-06-16 17:00:00,0.0,1.400000050663948
-722,Khoen On,2026-06-16 18:00:00,0.0,1.400000050663948
-722,Khoen On,2026-06-16 19:00:00,0.0,1.400000050663948
-722,Khoen On,2026-06-16 20:00:00,0.0,1.400000050663948
-722,Khoen On,2026-06-16 21:00:00,0.0,1.400000050663948
-722,Khoen On,2026-06-16 22:00:00,0.0,1.400000050663948
-722,Khoen On,2026-06-16 23:00:00,0.0,1.400000050663948
-722,Khoen On,2026-06-17 00:00:00,0.0,0.0
-722,Khoen On,2026-06-17 01:00:00,0.0,0.0
-722,Khoen On,2026-06-17 02:00:00,0.0,0.0
-722,Khoen On,2026-06-17 03:00:00,0.0,0.0
-722,Khoen On,2026-06-17 04:00:00,0.0,0.0
-722,Khoen On,2026-06-17 05:00:00,0.0,0.0
-722,Khoen On,2026-06-17 06:00:00,0.0,0.0
-722,Khoen On,2026-06-17 07:00:00,0.0,0.0
-722,Khoen On,2026-06-17 08:00:00,0.0,0.0
-722,Khoen On,2026-06-17 09:00:00,0.0,0.0
-722,Khoen On,2026-06-17 10:00:00,0.20000000298023224,0.0
-722,Khoen On,2026-06-17 11:00:00,0.0,0.20000000298023224
-722,Khoen On,2026-06-17 12:00:00,0.0,0.20000000298023224
-722,Khoen On,2026-06-17 13:00:00,0.0,0.4000000059604645
-722,Khoen On,2026-06-17 14:00:00,0.0,0.4000000059604645
-722,Khoen On,2026-06-17 15:00:00,0.0,0.4000000059604645
-722,Khoen On,2026-06-17 16:00:00,0.0,0.4000000059604645
-722,Khoen On,2026-06-17 17:00:00,0.0,0.4000000059604645
-722,Khoen On,2026-06-17 18:00:00,0.4000000059604645,0.4000000059604645
-722,Khoen On,2026-06-17 19:00:00,0.0,0.800000011920929
-722,Khoen On,2026-06-17 20:00:00,0.0,0.800000011920929
-722,Khoen On,2026-06-17 21:00:00,0.0,0.800000011920929
-722,Khoen On,2026-06-17 22:00:00,0.0,0.800000011920929
-722,Khoen On,2026-06-17 23:00:00,0.0,0.800000011920929
-722,Khoen On,2026-06-18 00:00:00,0.0,0.0
-722,Khoen On,2026-06-18 01:00:00,0.0,0.0
-722,Khoen On,2026-06-18 02:00:00,0.0,0.0
-722,Khoen On,2026-06-18 03:00:00,0.0,0.0
-722,Khoen On,2026-06-18 04:00:00,0.0,0.0
-722,Khoen On,2026-06-18 05:00:00,0.0,0.0
-722,Khoen On,2026-06-18 06:00:00,0.0,0.0
-722,Khoen On,2026-06-18 07:00:00,0.0,0.0
-722,Khoen On,2026-06-18 08:00:00,0.0,0.0
-722,Khoen On,2026-06-18 09:00:00,0.0,0.0
-722,Khoen On,2026-06-18 10:00:00,0.0,0.0
-722,Khoen On,2026-06-18 11:00:00,0.0,0.0
-722,Khoen On,2026-06-18 12:00:00,0.0,0.0
-722,Khoen On,2026-06-18 13:00:00,0.20000000298023224,0.0
-722,Khoen On,2026-06-18 14:00:00,0.0,0.20000000298023224
-722,Khoen On,2026-06-18 15:00:00,0.0,0.20000000298023224
-722,Khoen On,2026-06-18 16:00:00,0.0,0.20000000298023224
-722,Khoen On,2026-06-18 17:00:00,0.0,0.20000000298023224
-722,Khoen On,2026-06-18 18:00:00,0.0,0.20000000298023224
-722,Khoen On,2026-06-18 19:00:00,0.0,0.20000000298023224
-722,Khoen On,2026-06-18 20:00:00,0.0,0.20000000298023224
-722,Khoen On,2026-06-18 21:00:00,0.0,0.20000000298023224
-722,Khoen On,2026-06-18 22:00:00,0.0,0.20000000298023224
-722,Khoen On,2026-06-18 23:00:00,0.0,0.20000000298023224
-722,Khoen On,2026-06-19 00:00:00,0.0,0.0
-722,Khoen On,2026-06-19 01:00:00,0.0,0.0
-722,Khoen On,2026-06-19 02:00:00,0.0,0.0
-722,Khoen On,2026-06-19 03:00:00,0.6000000238418579,0.0
-722,Khoen On,2026-06-19 04:00:00,0.0,0.6000000238418579
-722,Khoen On,2026-06-19 05:00:00,0.0,0.6000000238418579
-722,Khoen On,2026-06-19 06:00:00,0.0,0.6000000238418579
-722,Khoen On,2026-06-19 07:00:00,0.0,0.6000000238418579
-722,Khoen On,2026-06-19 08:00:00,0.0,0.6000000238418579
-722,Khoen On,2026-06-19 09:00:00,0.0,0.6000000238418579
-722,Khoen On,2026-06-19 10:00:00,0.0,0.6000000238418579
-722,Khoen On,2026-06-19 11:00:00,0.0,0.6000000238418579
-722,Khoen On,2026-06-19 12:00:00,0.20000000298023224,0.6000000238418579
-722,Khoen On,2026-06-19 13:00:00,0.0,0.8000000268220901
-722,Khoen On,2026-06-19 14:00:00,0.0,0.8000000268220901
-722,Khoen On,2026-06-19 15:00:00,0.0,0.8000000268220901
-722,Khoen On,2026-06-19 16:00:00,0.0,0.8000000268220901
-722,Khoen On,2026-06-19 17:00:00,0.0,0.8000000268220901
-722,Khoen On,2026-06-19 18:00:00,1.0,0.8000000268220901
-722,Khoen On,2026-06-19 19:00:00,0.0,1.8000000268220901
-722,Khoen On,2026-06-19 20:00:00,0.0,1.8000000268220901
-722,Khoen On,2026-06-19 21:00:00,0.0,1.8000000268220901
-722,Khoen On,2026-06-19 22:00:00,0.0,1.8000000268220901
-722,Khoen On,2026-06-19 23:00:00,0.0,1.8000000268220901
-722,Khoen On,2026-06-20 00:00:00,0.0,0.0
-722,Khoen On,2026-06-20 01:00:00,0.0,0.0
-722,Khoen On,2026-06-20 02:00:00,0.0,0.0
-722,Khoen On,2026-06-20 03:00:00,0.0,0.0
-722,Khoen On,2026-06-20 04:00:00,0.0,0.0
-722,Khoen On,2026-06-20 05:00:00,0.0,0.0
-722,Khoen On,2026-06-20 06:00:00,0.0,0.0
-722,Khoen On,2026-06-20 07:00:00,0.0,0.0
-722,Khoen On,2026-06-20 08:00:00,0.0,0.0
-722,Khoen On,2026-06-20 09:00:00,0.0,0.0
-722,Khoen On,2026-06-20 10:00:00,0.0,0.0
-722,Khoen On,2026-06-20 11:00:00,0.0,0.0
-722,Khoen On,2026-06-20 12:00:00,0.0,0.0
-722,Khoen On,2026-06-20 13:00:00,0.0,0.0
-722,Khoen On,2026-06-20 14:00:00,0.0,0.0
-722,Khoen On,2026-06-20 15:00:00,0.0,0.0
-722,Khoen On,2026-06-20 16:00:00,0.0,0.0
-722,Khoen On,2026-06-20 17:00:00,0.0,0.0
-722,Khoen On,2026-06-20 18:00:00,0.0,0.0
-722,Khoen On,2026-06-20 19:00:00,8.600000381469727,0.0
-722,Khoen On,2026-06-20 20:00:00,1.600000023841858,8.600000381469727
-722,Khoen On,2026-06-20 21:00:00,0.0,10.200000405311584
-722,Khoen On,2026-06-20 22:00:00,0.0,10.200000405311584
-722,Khoen On,2026-06-20 23:00:00,0.0,10.200000405311584
-722,Khoen On,2026-06-21 00:00:00,0.0,1.600000023841858
-722,Khoen On,2026-06-21 01:00:00,0.0,1.600000023841858
-722,Khoen On,2026-06-21 02:00:00,0.0,1.600000023841858
-722,Khoen On,2026-06-21 03:00:00,0.0,1.600000023841858
-722,Khoen On,2026-06-21 04:00:00,0.0,1.600000023841858
-722,Khoen On,2026-06-21 05:00:00,0.0,1.600000023841858
-722,Khoen On,2026-06-21 06:00:00,0.0,1.600000023841858
-722,Khoen On,2026-06-21 07:00:00,0.0,1.600000023841858
-722,Khoen On,2026-06-21 08:00:00,0.0,1.600000023841858
-722,Khoen On,2026-06-21 09:00:00,4.0,1.600000023841858
-722,Khoen On,2026-06-21 10:00:00,1.600000023841858,5.600000023841858
-722,Khoen On,2026-06-21 11:00:00,0.0,8.600000143051147
-722,Khoen On,2026-06-21 12:00:00,0.0,8.600000143051147
-722,Khoen On,2026-06-21 13:00:00,0.0,8.600000143051147
-722,Khoen On,2026-06-21 14:00:00,0.0,8.600000143051147
-722,Khoen On,2026-06-21 15:00:00,0.0,8.600000143051147
-722,Khoen On,2026-06-21 16:00:00,0.0,8.600000143051147
-722,Khoen On,2026-06-21 17:00:00,0.0,8.600000143051147
-722,Khoen On,2026-06-21 18:00:00,0.0,8.600000143051147
-722,Khoen On,2026-06-21 19:00:00,2.4000000953674316,8.600000143051147
-722,Khoen On,2026-06-21 20:00:00,3.799999952316284,11.000000238418579
-722,Khoen On,2026-06-21 21:00:00,0.0,17.40000009536743
-722,Khoen On,2026-06-21 22:00:00,0.0,17.40000009536743
-722,Khoen On,2026-06-21 23:00:00,0.0,17.40000009536743
-722,Khoen On,2026-06-22 00:00:00,0.0,3.799999952316284
-722,Khoen On,2026-06-22 01:00:00,0.0,3.799999952316284
-722,Khoen On,2026-06-22 02:00:00,0.0,3.799999952316284
-722,Khoen On,2026-06-22 03:00:00,0.0,3.799999952316284
-722,Khoen On,2026-06-22 04:00:00,0.0,3.799999952316284
-722,Khoen On,2026-06-22 05:00:00,0.0,3.799999952316284
-722,Khoen On,2026-06-22 06:00:00,0.0,3.799999952316284
-722,Khoen On,2026-06-22 07:00:00,0.0,3.799999952316284
-722,Khoen On,2026-06-22 08:00:00,0.0,3.799999952316284
-722,Khoen On,2026-06-22 09:00:00,0.0,3.799999952316284
-722,Khoen On,2026-06-22 10:00:00,0.0,3.799999952316284
-722,Khoen On,2026-06-22 11:00:00,0.0,3.799999952316284
-722,Khoen On,2026-06-22 12:00:00,0.0,3.799999952316284
-722,Khoen On,2026-06-22 13:00:00,0.0,3.799999952316284
-722,Khoen On,2026-06-22 14:00:00,0.0,3.799999952316284
-722,Khoen On,2026-06-22 15:00:00,0.0,3.799999952316284
-722,Khoen On,2026-06-22 16:00:00,0.0,3.799999952316284
-722,Khoen On,2026-06-22 17:00:00,0.0,3.799999952316284
-722,Khoen On,2026-06-22 18:00:00,0.0,3.799999952316284
-722,Khoen On,2026-06-22 19:00:00,0.4000000059604645,3.799999952316284
-722,Khoen On,2026-06-22 20:00:00,0.0,4.199999958276749
-722,Khoen On,2026-06-22 21:00:00,0.0,4.199999958276749
-722,Khoen On,2026-06-22 22:00:00,0.0,4.199999958276749
-722,Khoen On,2026-06-22 23:00:00,0.0,4.199999958276749
-722,Khoen On,2026-06-23 00:00:00,0.0,0.0
-722,Khoen On,2026-06-23 01:00:00,0.0,0.0
-722,Khoen On,2026-06-23 02:00:00,0.0,0.0
-722,Khoen On,2026-06-23 03:00:00,0.0,0.0
-722,Khoen On,2026-06-23 04:00:00,0.0,0.0
-722,Khoen On,2026-06-23 05:00:00,0.0,0.0
-722,Khoen On,2026-06-23 06:00:00,0.0,0.0
-722,Khoen On,2026-06-23 07:00:00,0.0,0.0
-722,Khoen On,2026-06-23 08:00:00,0.0,0.0
-722,Khoen On,2026-06-23 09:00:00,0.0,0.0
-722,Khoen On,2026-06-23 10:00:00,0.0,0.0
-722,Khoen On,2026-06-23 11:00:00,0.0,0.0
-722,Khoen On,2026-06-23 12:00:00,0.0,0.0
-722,Khoen On,2026-06-23 13:00:00,0.0,0.0
-722,Khoen On,2026-06-23 14:00:00,0.0,0.0
-722,Khoen On,2026-06-23 15:00:00,0.0,0.0
-722,Khoen On,2026-06-23 16:00:00,0.0,0.0
-722,Khoen On,2026-06-23 17:00:00,0.0,0.0
-722,Khoen On,2026-06-23 18:00:00,0.0,0.0
-722,Khoen On,2026-06-23 19:00:00,0.0,0.0
-722,Khoen On,2026-06-23 20:00:00,0.0,0.0
-722,Khoen On,2026-06-23 21:00:00,0.0,0.0
-722,Khoen On,2026-06-23 22:00:00,0.0,0.0
-722,Khoen On,2026-06-23 23:00:00,0.0,0.0
-722,Khoen On,2026-06-24 00:00:00,0.0,0.0
-722,Khoen On,2026-06-24 01:00:00,0.0,0.0
-722,Khoen On,2026-06-24 02:00:00,0.0,0.0
-722,Khoen On,2026-06-24 03:00:00,0.0,0.0
-722,Khoen On,2026-06-24 04:00:00,0.0,0.0
-722,Khoen On,2026-06-24 05:00:00,0.0,0.0
-722,Khoen On,2026-06-24 06:00:00,0.0,0.0
-722,Khoen On,2026-06-24 07:00:00,0.0,0.0
-722,Khoen On,2026-06-24 08:00:00,0.0,0.0
-722,Khoen On,2026-06-24 09:00:00,0.0,0.0
-722,Khoen On,2026-06-24 10:00:00,0.0,0.0
-722,Khoen On,2026-06-24 11:00:00,0.0,0.0
-722,Khoen On,2026-06-24 12:00:00,0.0,0.0
-722,Khoen On,2026-06-24 13:00:00,0.0,0.0
-722,Khoen On,2026-06-24 14:00:00,0.0,0.0
-722,Khoen On,2026-06-24 15:00:00,0.0,0.0
-722,Khoen On,2026-06-24 16:00:00,0.0,0.0
-722,Khoen On,2026-06-24 17:00:00,0.0,0.0
-722,Khoen On,2026-06-24 18:00:00,0.0,0.0
-722,Khoen On,2026-06-24 19:00:00,0.0,0.0
-722,Khoen On,2026-06-24 20:00:00,0.0,0.0
-722,Khoen On,2026-06-24 21:00:00,0.0,0.0
-722,Khoen On,2026-06-24 22:00:00,0.0,0.0
-722,Khoen On,2026-06-24 23:00:00,0.0,0.0
-722,Khoen On,2026-06-25 00:00:00,0.0,0.0
-722,Khoen On,2026-06-25 01:00:00,0.0,0.0
-722,Khoen On,2026-06-25 02:00:00,0.0,0.0
-722,Khoen On,2026-06-25 03:00:00,0.0,0.0
-722,Khoen On,2026-06-25 04:00:00,0.0,0.0
-722,Khoen On,2026-06-25 05:00:00,0.0,0.0
-722,Khoen On,2026-06-25 06:00:00,0.0,0.0
-722,Khoen On,2026-06-25 07:00:00,0.0,0.0
-722,Khoen On,2026-06-25 08:00:00,0.0,0.0
-722,Khoen On,2026-06-25 09:00:00,0.0,0.0
-722,Khoen On,2026-06-25 10:00:00,0.0,0.0
-722,Khoen On,2026-06-25 11:00:00,0.0,0.0
-722,Khoen On,2026-06-25 12:00:00,0.0,0.0
-722,Khoen On,2026-06-25 13:00:00,0.0,0.0
-722,Khoen On,2026-06-25 14:00:00,0.0,0.0
-722,Khoen On,2026-06-25 15:00:00,0.0,0.0
-722,Khoen On,2026-06-25 16:00:00,0.0,0.0
-722,Khoen On,2026-06-25 17:00:00,0.0,0.0
-722,Khoen On,2026-06-25 18:00:00,0.0,0.0
-722,Khoen On,2026-06-25 19:00:00,0.0,0.0
-722,Khoen On,2026-06-25 20:00:00,0.0,0.0
-722,Khoen On,2026-06-25 21:00:00,0.0,0.0
-722,Khoen On,2026-06-25 22:00:00,0.0,0.0
-722,Khoen On,2026-06-25 23:00:00,0.0,0.0
-722,Khoen On,2026-06-26 00:00:00,0.0,0.0
-722,Khoen On,2026-06-26 01:00:00,0.0,0.0
-722,Khoen On,2026-06-26 02:00:00,0.0,0.0
-722,Khoen On,2026-06-26 03:00:00,0.4000000059604645,0.0
-722,Khoen On,2026-06-26 04:00:00,0.0,0.4000000059604645
-722,Khoen On,2026-06-26 05:00:00,0.20000000298023224,0.4000000059604645
-722,Khoen On,2026-06-26 06:00:00,0.0,0.6000000089406967
-722,Khoen On,2026-06-26 07:00:00,0.800000011920929,0.6000000089406967
-722,Khoen On,2026-06-26 08:00:00,1.0,1.4000000208616257
-722,Khoen On,2026-06-26 09:00:00,1.0,2.4000000208616257
-722,Khoen On,2026-06-26 10:00:00,0.4000000059604645,3.4000000208616257
-722,Khoen On,2026-06-26 11:00:00,0.20000000298023224,3.80000002682209
-722,Khoen On,2026-06-26 12:00:00,0.0,4.000000029802322
-722,Khoen On,2026-06-26 13:00:00,0.0,4.000000029802322
-722,Khoen On,2026-06-26 14:00:00,0.0,4.000000029802322
-722,Khoen On,2026-06-26 15:00:00,0.0,4.000000029802322
-722,Khoen On,2026-06-26 16:00:00,0.0,4.000000029802322
-722,Khoen On,2026-06-26 17:00:00,0.0,4.000000029802322
-722,Khoen On,2026-06-26 18:00:00,0.0,4.000000029802322
-722,Khoen On,2026-06-26 19:00:00,0.0,4.000000029802322
-722,Khoen On,2026-06-26 20:00:00,0.0,4.000000029802322
-722,Khoen On,2026-06-26 21:00:00,0.0,4.000000029802322
-722,Khoen On,2026-06-26 22:00:00,0.0,4.000000029802322
-722,Khoen On,2026-06-26 23:00:00,0.0,4.000000029802322
-722,Khoen On,2026-06-27 00:00:00,0.0,0.0
-722,Khoen On,2026-06-27 01:00:00,0.0,0.0
-722,Khoen On,2026-06-27 02:00:00,0.0,0.0
-722,Khoen On,2026-06-27 03:00:00,0.0,0.0
-722,Khoen On,2026-06-27 04:00:00,0.0,0.0
-722,Khoen On,2026-06-27 05:00:00,0.0,0.0
-722,Khoen On,2026-06-27 06:00:00,0.0,0.0
-722,Khoen On,2026-06-27 07:00:00,2.799999952316284,0.0
-722,Khoen On,2026-06-27 08:00:00,1.0,2.799999952316284
-722,Khoen On,2026-06-27 09:00:00,0.20000000298023224,3.799999952316284
-722,Khoen On,2026-06-27 10:00:00,0.0,3.9999999552965164
-722,Khoen On,2026-06-27 11:00:00,0.0,3.9999999552965164
-722,Khoen On,2026-06-27 12:00:00,0.0,3.9999999552965164
-722,Khoen On,2026-06-27 13:00:00,0.0,3.9999999552965164
-722,Khoen On,2026-06-27 14:00:00,0.0,3.9999999552965164
-722,Khoen On,2026-06-27 15:00:00,0.0,3.9999999552965164
-722,Khoen On,2026-06-27 16:00:00,0.0,3.9999999552965164
-722,Khoen On,2026-06-27 17:00:00,0.0,3.9999999552965164
-722,Khoen On,2026-06-27 18:00:00,0.0,3.9999999552965164
-722,Khoen On,2026-06-27 19:00:00,0.0,3.9999999552965164
-722,Khoen On,2026-06-27 20:00:00,0.0,3.9999999552965164
-722,Khoen On,2026-06-27 21:00:00,0.0,3.9999999552965164
-722,Khoen On,2026-06-27 22:00:00,0.0,3.9999999552965164
-722,Khoen On,2026-06-27 23:00:00,0.0,3.9999999552965164
-722,Khoen On,2026-06-28 00:00:00,0.0,0.0
-722,Khoen On,2026-06-28 01:00:00,0.0,0.0
-722,Khoen On,2026-06-28 02:00:00,0.0,0.0
-722,Khoen On,2026-06-28 03:00:00,0.0,0.0
-722,Khoen On,2026-06-28 04:00:00,0.0,0.0
-722,Khoen On,2026-06-28 05:00:00,0.0,0.0
-722,Khoen On,2026-06-28 06:00:00,0.0,0.0
-722,Khoen On,2026-06-28 07:00:00,0.0,0.0
-722,Khoen On,2026-06-28 08:00:00,0.20000000298023224,0.0
-722,Khoen On,2026-06-28 09:00:00,0.0,0.20000000298023224
-722,Khoen On,2026-06-28 10:00:00,0.0,0.20000000298023224
-722,Khoen On,2026-06-28 11:00:00,0.20000000298023224,0.20000000298023224
-722,Khoen On,2026-06-28 12:00:00,0.0,0.4000000059604645
-722,Khoen On,2026-06-28 13:00:00,0.0,0.4000000059604645
-722,Khoen On,2026-06-28 14:00:00,0.0,0.4000000059604645
-722,Khoen On,2026-06-28 15:00:00,0.0,0.4000000059604645
-722,Khoen On,2026-06-28 16:00:00,0.0,0.4000000059604645
-722,Khoen On,2026-06-28 17:00:00,0.0,0.4000000059604645
-722,Khoen On,2026-06-28 18:00:00,0.0,0.4000000059604645
-722,Khoen On,2026-06-28 19:00:00,0.0,0.4000000059604645
-722,Khoen On,2026-06-28 20:00:00,0.0,0.4000000059604645
-722,Khoen On,2026-06-28 21:00:00,0.0,0.4000000059604645
-722,Khoen On,2026-06-28 22:00:00,0.0,0.4000000059604645
-722,Khoen On,2026-06-28 23:00:00,0.0,0.4000000059604645
-722,Khoen On,2026-06-29 00:00:00,0.0,0.0
-722,Khoen On,2026-06-29 01:00:00,0.0,0.0
-722,Khoen On,2026-06-29 02:00:00,0.0,0.0
-722,Khoen On,2026-06-29 03:00:00,0.0,0.0
-722,Khoen On,2026-06-29 04:00:00,0.0,0.0
-722,Khoen On,2026-06-29 05:00:00,0.0,0.0
-722,Khoen On,2026-06-29 06:00:00,0.0,0.0
-722,Khoen On,2026-06-29 07:00:00,0.4000000059604645,0.0
-722,Khoen On,2026-06-29 08:00:00,0.20000000298023224,0.4000000059604645
-722,Khoen On,2026-06-29 09:00:00,0.0,0.6000000089406967
-722,Khoen On,2026-06-29 10:00:00,0.0,0.6000000089406967
-722,Khoen On,2026-06-29 11:00:00,0.0,0.6000000089406967
-722,Khoen On,2026-06-29 12:00:00,0.0,0.6000000089406967
-722,Khoen On,2026-06-29 13:00:00,0.0,0.6000000089406967
-722,Khoen On,2026-06-29 14:00:00,0.6000000238418579,0.6000000089406967
-722,Khoen On,2026-06-29 15:00:00,0.0,1.2000000327825546
-722,Khoen On,2026-06-29 16:00:00,0.0,1.2000000327825546
-722,Khoen On,2026-06-29 17:00:00,0.0,1.2000000327825546
-722,Khoen On,2026-06-29 18:00:00,0.0,1.2000000327825546
-722,Khoen On,2026-06-29 19:00:00,0.0,1.2000000327825546
-722,Khoen On,2026-06-29 20:00:00,0.0,1.2000000327825546
-722,Khoen On,2026-06-29 21:00:00,0.0,1.2000000327825546
-722,Khoen On,2026-06-29 22:00:00,0.0,1.2000000327825546
-722,Khoen On,2026-06-29 23:00:00,0.0,1.2000000327825546
-722,Khoen On,2026-06-30 00:00:00,0.0,0.0
-722,Khoen On,2026-06-30 01:00:00,0.0,0.0
-722,Khoen On,2026-06-30 02:00:00,0.0,0.0
-722,Khoen On,2026-06-30 03:00:00,0.0,0.0
-722,Khoen On,2026-06-30 04:00:00,0.0,0.0
-722,Khoen On,2026-06-30 05:00:00,0.0,0.0
-722,Khoen On,2026-06-30 06:00:00,0.0,0.0
-722,Khoen On,2026-06-30 07:00:00,0.0,0.0
-722,Khoen On,2026-06-30 08:00:00,0.0,0.0
-722,Khoen On,2026-06-30 09:00:00,0.0,0.0
-722,Khoen On,2026-06-30 10:00:00,0.0,0.0
-722,Khoen On,2026-06-30 11:00:00,0.0,0.0
-722,Khoen On,2026-06-30 12:00:00,0.0,0.0
-722,Khoen On,2026-06-30 13:00:00,0.0,0.0
-722,Khoen On,2026-06-30 14:00:00,0.0,0.0
-722,Khoen On,2026-06-30 15:00:00,0.0,0.0
-722,Khoen On,2026-06-30 16:00:00,0.0,0.0
-722,Khoen On,2026-06-30 17:00:00,0.0,0.0
-722,Khoen On,2026-06-30 18:00:00,0.0,0.0
-722,Khoen On,2026-06-30 19:00:00,0.0,0.0
-722,Khoen On,2026-06-30 20:00:00,0.0,0.0
-722,Khoen On,2026-06-30 21:00:00,0.0,0.0
-722,Khoen On,2026-06-30 22:00:00,0.0,0.0
-722,Khoen On,2026-06-30 23:00:00,0.0,0.0
-722,Khoen On,2026-07-01 00:00:00,0.0,0.0
-722,Khoen On,2026-07-01 01:00:00,1.2000000476837158,0.0
-722,Khoen On,2026-07-01 02:00:00,3.0,1.2000000476837158
-722,Khoen On,2026-07-01 03:00:00,0.800000011920929,4.200000047683716
-722,Khoen On,2026-07-01 04:00:00,2.200000047683716,5.000000059604645
-722,Khoen On,2026-07-01 05:00:00,1.600000023841858,7.200000107288361
-722,Khoen On,2026-07-01 06:00:00,4.199999809265137,8.800000131130219
-722,Khoen On,2026-07-01 07:00:00,1.7999999523162842,12.999999940395355
-722,Khoen On,2026-07-01 08:00:00,1.399999976158142,14.79999989271164
-722,Khoen On,2026-07-01 09:00:00,0.800000011920929,16.19999986886978
-722,Khoen On,2026-07-01 10:00:00,0.20000000298023224,16.99999988079071
-722,Khoen On,2026-07-01 11:00:00,0.0,17.199999883770943
-722,Khoen On,2026-07-01 12:00:00,0.0,17.199999883770943
-722,Khoen On,2026-07-01 13:00:00,0.0,17.199999883770943
-722,Khoen On,2026-07-01 14:00:00,0.0,17.199999883770943
-722,Khoen On,2026-07-01 15:00:00,0.0,17.199999883770943
-722,Khoen On,2026-07-01 16:00:00,0.0,17.199999883770943
-722,Khoen On,2026-07-01 17:00:00,0.0,17.199999883770943
-722,Khoen On,2026-07-01 18:00:00,0.0,17.199999883770943
-722,Khoen On,2026-07-01 19:00:00,0.0,17.199999883770943
-722,Khoen On,2026-07-01 20:00:00,0.0,17.199999883770943
-722,Khoen On,2026-07-01 21:00:00,0.0,17.199999883770943
-722,Khoen On,2026-07-01 22:00:00,0.0,17.199999883770943
-722,Khoen On,2026-07-01 23:00:00,0.20000000298023224,17.199999883770943
-722,Khoen On,2026-07-02 00:00:00,0.0,0.20000000298023224
-722,Khoen On,2026-07-02 01:00:00,0.0,0.20000000298023224
-722,Khoen On,2026-07-02 02:00:00,0.0,0.20000000298023224
-722,Khoen On,2026-07-02 03:00:00,0.0,0.20000000298023224
-722,Khoen On,2026-07-02 04:00:00,0.0,0.20000000298023224
-722,Khoen On,2026-07-02 05:00:00,0.0,0.20000000298023224
-722,Khoen On,2026-07-02 06:00:00,0.0,0.20000000298023224
-722,Khoen On,2026-07-02 07:00:00,0.0,0.20000000298023224
-722,Khoen On,2026-07-02 08:00:00,0.0,0.20000000298023224
-722,Khoen On,2026-07-02 09:00:00,0.0,0.20000000298023224
-722,Khoen On,2026-07-02 10:00:00,0.0,0.20000000298023224
-722,Khoen On,2026-07-02 11:00:00,0.0,0.20000000298023224
-722,Khoen On,2026-07-02 12:00:00,0.0,0.20000000298023224
-722,Khoen On,2026-07-02 13:00:00,0.0,0.20000000298023224
-722,Khoen On,2026-07-02 14:00:00,0.0,0.20000000298023224
-722,Khoen On,2026-07-02 15:00:00,0.0,0.20000000298023224
-722,Khoen On,2026-07-02 16:00:00,0.0,0.20000000298023224
-722,Khoen On,2026-07-02 17:00:00,0.0,0.20000000298023224
-722,Khoen On,2026-07-02 18:00:00,0.0,0.20000000298023224
-722,Khoen On,2026-07-02 19:00:00,0.0,0.20000000298023224
-722,Khoen On,2026-07-02 20:00:00,0.0,0.20000000298023224
-722,Khoen On,2026-07-02 21:00:00,0.0,0.20000000298023224
-722,Khoen On,2026-07-02 22:00:00,0.0,0.20000000298023224
-722,Khoen On,2026-07-02 23:00:00,0.0,0.20000000298023224
-722,Khoen On,2026-07-03 00:00:00,0.0,0.0
-722,Khoen On,2026-07-03 01:00:00,0.0,0.0
-722,Khoen On,2026-07-03 02:00:00,0.0,0.0
-722,Khoen On,2026-07-03 03:00:00,0.0,0.0
-722,Khoen On,2026-07-03 04:00:00,0.0,0.0
-722,Khoen On,2026-07-03 05:00:00,0.0,0.0
-722,Khoen On,2026-07-03 06:00:00,0.0,0.0
-722,Khoen On,2026-07-03 07:00:00,0.0,0.0
-722,Khoen On,2026-07-03 08:00:00,0.0,0.0
-722,Khoen On,2026-07-03 09:00:00,0.0,0.0
-722,Khoen On,2026-07-03 10:00:00,0.0,0.0
-722,Khoen On,2026-07-03 11:00:00,0.0,0.0
-722,Khoen On,2026-07-03 12:00:00,0.0,0.0
-722,Khoen On,2026-07-03 13:00:00,0.0,0.0
-722,Khoen On,2026-07-03 14:00:00,0.0,0.0
-722,Khoen On,2026-07-03 15:00:00,0.0,0.0
-722,Khoen On,2026-07-03 16:00:00,0.0,0.0
-722,Khoen On,2026-07-03 17:00:00,0.0,0.0
-722,Khoen On,2026-07-03 18:00:00,0.0,0.0
-722,Khoen On,2026-07-03 19:00:00,0.0,0.0
-722,Khoen On,2026-07-03 20:00:00,0.0,0.0
-722,Khoen On,2026-07-03 21:00:00,0.0,0.0
-722,Khoen On,2026-07-03 22:00:00,0.0,0.0
-722,Khoen On,2026-07-03 23:00:00,0.0,0.0
-722,Khoen On,2026-07-04 00:00:00,0.0,0.0
-722,Khoen On,2026-07-04 01:00:00,0.0,0.0
-722,Khoen On,2026-07-04 02:00:00,0.0,0.0
-722,Khoen On,2026-07-04 03:00:00,0.0,0.0
-722,Khoen On,2026-07-04 04:00:00,0.0,0.0
-722,Khoen On,2026-07-04 05:00:00,0.0,0.0
-722,Khoen On,2026-07-04 06:00:00,0.0,0.0
-722,Khoen On,2026-07-04 07:00:00,0.0,0.0
-722,Khoen On,2026-07-04 08:00:00,0.0,0.0
-722,Khoen On,2026-07-04 09:00:00,0.0,0.0
-722,Khoen On,2026-07-04 10:00:00,0.0,0.0
-722,Khoen On,2026-07-04 11:00:00,0.0,0.0
-722,Khoen On,2026-07-04 12:00:00,0.0,0.0
-722,Khoen On,2026-07-04 13:00:00,0.0,0.0
-722,Khoen On,2026-07-04 14:00:00,0.0,0.0
-722,Khoen On,2026-07-04 15:00:00,0.0,0.0
-722,Khoen On,2026-07-04 16:00:00,0.0,0.0
-722,Khoen On,2026-07-04 17:00:00,0.0,0.0
-722,Khoen On,2026-07-04 18:00:00,0.0,0.0
-722,Khoen On,2026-07-04 19:00:00,0.0,0.0
-722,Khoen On,2026-07-04 20:00:00,0.0,0.0
-722,Khoen On,2026-07-04 21:00:00,0.0,0.0
-722,Khoen On,2026-07-04 22:00:00,0.0,0.0
-722,Khoen On,2026-07-04 23:00:00,0.0,0.0
-722,Khoen On,2026-07-05 00:00:00,0.0,0.0
-722,Khoen On,2026-07-05 01:00:00,0.0,0.0
-722,Khoen On,2026-07-05 02:00:00,1.2000000476837158,0.0
-722,Khoen On,2026-07-05 03:00:00,0.0,1.2000000476837158
-722,Khoen On,2026-07-05 04:00:00,0.0,1.2000000476837158
-722,Khoen On,2026-07-05 05:00:00,0.6000000238418579,1.2000000476837158
-722,Khoen On,2026-07-05 06:00:00,1.600000023841858,1.8000000715255737
-722,Khoen On,2026-07-05 07:00:00,1.600000023841858,3.4000000953674316
-722,Khoen On,2026-07-05 08:00:00,3.4000000953674316,5.0000001192092896
-722,Khoen On,2026-07-05 09:00:00,2.4000000953674316,8.400000214576721
-722,Khoen On,2026-07-05 10:00:00,0.0,10.800000309944153
-722,Khoen On,2026-07-05 11:00:00,0.0,10.800000309944153
-722,Khoen On,2026-07-05 12:00:00,0.800000011920929,10.800000309944153
-722,Khoen On,2026-07-05 13:00:00,1.600000023841858,11.600000321865082
-722,Khoen On,2026-07-05 14:00:00,0.4000000059604645,13.20000034570694
-722,Khoen On,2026-07-05 15:00:00,0.0,13.600000351667404
-722,Khoen On,2026-07-05 16:00:00,0.0,13.600000351667404
-722,Khoen On,2026-07-05 17:00:00,0.0,13.600000351667404
-722,Khoen On,2026-07-05 18:00:00,0.0,13.600000351667404
-722,Khoen On,2026-07-05 19:00:00,0.0,13.600000351667404
-722,Khoen On,2026-07-05 20:00:00,4.400000095367432,13.600000351667404
-722,Khoen On,2026-07-05 21:00:00,2.4000000953674316,18.000000447034836
-722,Khoen On,2026-07-05 22:00:00,1.600000023841858,20.400000542402267
-722,Khoen On,2026-07-05 23:00:00,4.0,22.000000566244125
-722,Khoen On,2026-07-06 00:00:00,1.2000000476837158,12.400000214576721
-722,Khoen On,2026-07-06 01:00:00,0.4000000059604645,13.600000262260437
-722,Khoen On,2026-07-06 02:00:00,0.0,14.000000268220901
-722,Khoen On,2026-07-06 03:00:00,0.0,14.000000268220901
-722,Khoen On,2026-07-06 04:00:00,0.800000011920929,14.000000268220901
-722,Khoen On,2026-07-06 05:00:00,1.2000000476837158,14.80000028014183
-722,Khoen On,2026-07-06 06:00:00,0.0,16.000000327825546
-722,Khoen On,2026-07-06 07:00:00,0.800000011920929,16.000000327825546
-722,Khoen On,2026-07-06 08:00:00,4.199999809265137,16.800000339746475
-722,Khoen On,2026-07-06 09:00:00,1.0,21.000000149011612
-722,Khoen On,2026-07-06 10:00:00,0.800000011920929,22.000000149011612
-722,Khoen On,2026-07-06 11:00:00,2.4000000953674316,22.80000016093254
-722,Khoen On,2026-07-06 12:00:00,1.600000023841858,25.200000256299973
-722,Khoen On,2026-07-06 13:00:00,0.0,26.80000028014183
-722,Khoen On,2026-07-06 14:00:00,0.0,26.80000028014183
-722,Khoen On,2026-07-06 15:00:00,0.0,26.80000028014183
-722,Khoen On,2026-07-06 16:00:00,0.0,26.80000028014183
-722,Khoen On,2026-07-06 17:00:00,0.0,26.80000028014183
-722,Khoen On,2026-07-06 18:00:00,0.0,26.80000028014183
-722,Khoen On,2026-07-06 19:00:00,0.0,26.80000028014183
-722,Khoen On,2026-07-06 20:00:00,0.0,26.80000028014183
-722,Khoen On,2026-07-06 21:00:00,0.0,26.80000028014183
-722,Khoen On,2026-07-06 22:00:00,0.0,26.80000028014183
-722,Khoen On,2026-07-06 23:00:00,0.0,26.80000028014183
-722,Khoen On,2026-07-07 00:00:00,0.0,0.0
-722,Khoen On,2026-07-07 01:00:00,0.0,0.0
-722,Khoen On,2026-07-07 02:00:00,0.0,0.0
-722,Khoen On,2026-07-07 03:00:00,0.0,0.0
-722,Khoen On,2026-07-07 04:00:00,0.0,0.0
-722,Khoen On,2026-07-07 05:00:00,0.0,0.0
-722,Khoen On,2026-07-07 06:00:00,0.0,0.0
-722,Khoen On,2026-07-07 07:00:00,0.0,0.0
-722,Khoen On,2026-07-07 08:00:00,0.0,0.0
-722,Khoen On,2026-07-07 09:00:00,0.0,0.0
-722,Khoen On,2026-07-07 10:00:00,0.0,0.0
-722,Khoen On,2026-07-07 11:00:00,0.0,0.0
-722,Khoen On,2026-07-07 12:00:00,0.0,0.0
-722,Khoen On,2026-07-07 13:00:00,0.0,0.0
-722,Khoen On,2026-07-07 14:00:00,0.0,0.0
-722,Khoen On,2026-07-07 15:00:00,0.0,0.0
-722,Khoen On,2026-07-07 16:00:00,0.0,0.0
-722,Khoen On,2026-07-07 17:00:00,0.0,0.0
-722,Khoen On,2026-07-07 18:00:00,0.0,0.0
-722,Khoen On,2026-07-07 19:00:00,0.0,0.0
-722,Khoen On,2026-07-07 20:00:00,0.0,0.0
-722,Khoen On,2026-07-07 21:00:00,2.0,0.0
-722,Khoen On,2026-07-07 22:00:00,0.0,2.0
-722,Khoen On,2026-07-07 23:00:00,0.0,2.0
-722,Khoen On,2026-07-08 00:00:00,0.0,2.0
-722,Khoen On,2026-07-08 01:00:00,0.0,2.0
-722,Khoen On,2026-07-08 02:00:00,0.0,2.0
-722,Khoen On,2026-07-08 03:00:00,1.0,2.0
-722,Khoen On,2026-07-08 04:00:00,0.4000000059604645,3.0
-722,Khoen On,2026-07-08 05:00:00,0.6000000238418579,3.4000000059604645
-722,Khoen On,2026-07-08 06:00:00,0.0,4.000000029802322
-722,Khoen On,2026-07-08 07:00:00,0.4000000059604645,4.000000029802322
-722,Khoen On,2026-07-08 08:00:00,0.6000000238418579,4.400000035762787
-722,Khoen On,2026-07-08 09:00:00,0.20000000298023224,5.000000059604645
-722,Khoen On,2026-07-08 10:00:00,0.6000000238418579,5.200000062584877
-722,Khoen On,2026-07-08 11:00:00,0.6000000238418579,5.800000086426735
-722,Khoen On,2026-07-08 12:00:00,1.2000000476837158,6.400000110268593
-722,Khoen On,2026-07-08 13:00:00,0.6000000238418579,7.600000157952309
-722,Khoen On,2026-07-08 14:00:00,0.0,8.200000181794167
-722,Khoen On,2026-07-08 15:00:00,0.0,8.200000181794167
-722,Khoen On,2026-07-08 16:00:00,0.0,8.200000181794167
-722,Khoen On,2026-07-08 17:00:00,0.0,8.200000181794167
-722,Khoen On,2026-07-08 18:00:00,0.4000000059604645,8.200000181794167
-722,Khoen On,2026-07-08 19:00:00,0.0,8.600000187754631
-722,Khoen On,2026-07-08 20:00:00,0.0,8.600000187754631
-722,Khoen On,2026-07-08 21:00:00,0.0,8.600000187754631
-722,Khoen On,2026-07-08 22:00:00,1.399999976158142,8.600000187754631
-722,Khoen On,2026-07-08 23:00:00,11.600000381469727,10.000000163912773
-722,Khoen On,2026-07-09 00:00:00,4.800000190734863,13.000000357627869
-722,Khoen On,2026-07-09 01:00:00,3.799999952316284,17.800000548362732
-722,Khoen On,2026-07-09 02:00:00,31.200000762939453,21.600000500679016
-722,Khoen On,2026-07-09 03:00:00,5.800000190734863,52.80000126361847
-722,Khoen On,2026-07-09 04:00:00,3.5999999046325684,58.60000145435333
-722,Khoen On,2026-07-09 05:00:00,30.200000762939453,62.2000013589859
-722,Khoen On,2026-07-09 06:00:00,15.399999618530273,92.40000212192535
-722,Khoen On,2026-07-09 07:00:00,0.0,107.80000174045563
-722,Khoen On,2026-07-09 08:00:00,0.0,107.80000174045563
-722,Khoen On,2026-07-09 09:00:00,0.0,107.80000174045563
-722,Khoen On,2026-07-09 10:00:00,0.0,107.80000174045563
-722,Khoen On,2026-07-09 11:00:00,0.0,107.80000174045563
-722,Khoen On,2026-07-09 12:00:00,0.0,107.80000174045563
-722,Khoen On,2026-07-09 13:00:00,0.6000000238418579,107.80000174045563
-722,Khoen On,2026-07-09 14:00:00,0.0,108.40000176429749
-722,Khoen On,2026-07-09 15:00:00,0.0,108.40000176429749
-722,Khoen On,2026-07-09 16:00:00,0.0,108.40000176429749
-722,Khoen On,2026-07-09 17:00:00,0.0,108.40000176429749
-722,Khoen On,2026-07-09 18:00:00,5.800000190734863,108.40000176429749
-722,Khoen On,2026-07-09 19:00:00,9.800000190734863,114.20000195503235
-722,Khoen On,2026-07-09 20:00:00,17.799999237060547,124.00000214576721
-722,Khoen On,2026-07-09 21:00:00,28.600000381469727,141.80000138282776
-722,Khoen On,2026-07-09 22:00:00,1.7999999523162842,170.40000176429749
-722,Khoen On,2026-07-09 23:00:00,0.0,172.20000171661377
-722,Khoen On,2026-07-10 00:00:00,6.800000190734863,48.19999957084656
-722,Khoen On,2026-07-10 01:00:00,0.0,54.99999976158142
-722,Khoen On,2026-07-10 02:00:00,0.0,54.99999976158142
-722,Khoen On,2026-07-10 03:00:00,0.0,54.99999976158142
-722,Khoen On,2026-07-10 04:00:00,0.0,54.99999976158142
-722,Khoen On,2026-07-10 05:00:00,3.200000047683716,54.99999976158142
-722,Khoen On,2026-07-10 06:00:00,0.0,58.19999980926514
-722,Khoen On,2026-07-10 07:00:00,0.0,58.19999980926514
-722,Khoen On,2026-07-10 08:00:00,0.0,58.19999980926514
-722,Khoen On,2026-07-10 09:00:00,0.0,58.19999980926514
-722,Khoen On,2026-07-10 10:00:00,0.0,58.19999980926514
-722,Khoen On,2026-07-10 11:00:00,0.0,58.19999980926514
-722,Khoen On,2026-07-10 12:00:00,0.0,58.19999980926514
-722,Khoen On,2026-07-10 13:00:00,0.0,58.19999980926514
-722,Khoen On,2026-07-10 14:00:00,0.0,58.19999980926514
-722,Khoen On,2026-07-10 15:00:00,0.4000000059604645,58.19999980926514
-722,Khoen On,2026-07-10 16:00:00,0.4000000059604645,58.5999998152256
-722,Khoen On,2026-07-10 17:00:00,0.0,58.999999821186066
-722,Khoen On,2026-07-10 18:00:00,0.0,58.999999821186066
-722,Khoen On,2026-07-10 19:00:00,2.200000047683716,58.999999821186066
-722,Khoen On,2026-07-10 20:00:00,1.399999976158142,61.19999986886978
-722,Khoen On,2026-07-10 21:00:00,0.0,62.599999845027924
-722,Khoen On,2026-07-10 22:00:00,0.0,62.599999845027924
-722,Khoen On,2026-07-10 23:00:00,0.0,62.599999845027924
-722,Khoen On,2026-07-11 00:00:00,0.0,1.399999976158142
-722,Khoen On,2026-07-11 01:00:00,0.0,1.399999976158142
-722,Khoen On,2026-07-11 02:00:00,0.0,1.399999976158142
-722,Khoen On,2026-07-11 03:00:00,0.0,1.399999976158142
-722,Khoen On,2026-07-11 04:00:00,0.0,1.399999976158142
-722,Khoen On,2026-07-11 05:00:00,0.0,1.399999976158142
-722,Khoen On,2026-07-11 06:00:00,0.20000000298023224,1.399999976158142
-722,Khoen On,2026-07-11 07:00:00,0.6000000238418579,1.5999999791383743
-722,Khoen On,2026-07-11 08:00:00,2.5999999046325684,2.2000000029802322
-722,Khoen On,2026-07-11 09:00:00,0.20000000298023224,4.799999907612801
-722,Khoen On,2026-07-11 10:00:00,0.0,4.999999910593033
-722,Khoen On,2026-07-11 11:00:00,0.0,4.999999910593033
-722,Khoen On,2026-07-11 12:00:00,0.0,4.999999910593033
-722,Khoen On,2026-07-11 13:00:00,0.0,4.999999910593033
-722,Khoen On,2026-07-11 14:00:00,0.20000000298023224,4.999999910593033
-722,Khoen On,2026-07-11 15:00:00,0.20000000298023224,5.199999913573265
-722,Khoen On,2026-07-11 16:00:00,0.0,5.399999916553497
-722,Khoen On,2026-07-11 17:00:00,0.4000000059604645,5.399999916553497
-722,Khoen On,2026-07-11 18:00:00,0.0,5.799999922513962
-722,Khoen On,2026-07-11 19:00:00,0.0,5.799999922513962
-722,Khoen On,2026-07-11 20:00:00,0.0,5.799999922513962
-722,Khoen On,2026-07-11 21:00:00,0.0,5.799999922513962
-722,Khoen On,2026-07-11 22:00:00,0.0,5.799999922513962
-722,Khoen On,2026-07-11 23:00:00,0.0,5.799999922513962
-722,Khoen On,2026-07-12 00:00:00,0.0,0.0
-722,Khoen On,2026-07-12 01:00:00,0.0,0.0
-722,Khoen On,2026-07-12 02:00:00,0.0,0.0
-722,Khoen On,2026-07-12 03:00:00,0.0,0.0
-722,Khoen On,2026-07-12 04:00:00,0.0,0.0
-722,Khoen On,2026-07-12 05:00:00,0.0,0.0
-722,Khoen On,2026-07-12 06:00:00,0.0,0.0
-722,Khoen On,2026-07-12 07:00:00,0.0,0.0
-722,Khoen On,2026-07-12 08:00:00,0.0,0.0
-722,Khoen On,2026-07-12 09:00:00,0.0,0.0
-722,Khoen On,2026-07-12 10:00:00,0.0,0.0
-722,Khoen On,2026-07-12 11:00:00,0.0,0.0
-722,Khoen On,2026-07-12 12:00:00,0.0,0.0
-722,Khoen On,2026-07-12 13:00:00,0.0,0.0
-722,Khoen On,2026-07-12 14:00:00,0.0,0.0
-722,Khoen On,2026-07-12 15:00:00,0.0,0.0
-722,Khoen On,2026-07-12 16:00:00,0.4000000059604645,0.0
-722,Khoen On,2026-07-12 17:00:00,4.199999809265137,0.4000000059604645
-722,Khoen On,2026-07-12 18:00:00,0.0,4.599999815225601
-722,Khoen On,2026-07-12 19:00:00,0.0,4.599999815225601
-722,Khoen On,2026-07-12 20:00:00,0.0,4.599999815225601
-722,Khoen On,2026-07-12 21:00:00,0.0,4.599999815225601
-722,Khoen On,2026-07-12 22:00:00,0.0,4.599999815225601
-722,Khoen On,2026-07-12 23:00:00,0.0,4.599999815225601
-722,Khoen On,2026-07-13 00:00:00,0.0,0.0
-722,Khoen On,2026-07-13 01:00:00,0.0,0.0
-722,Khoen On,2026-07-13 02:00:00,0.0,0.0
-722,Khoen On,2026-07-13 03:00:00,0.0,0.0
-722,Khoen On,2026-07-13 04:00:00,0.0,0.0
-722,Khoen On,2026-07-13 05:00:00,0.0,0.0
-722,Khoen On,2026-07-13 06:00:00,0.0,0.0
-722,Khoen On,2026-07-13 07:00:00,0.0,0.0
-722,Khoen On,2026-07-13 08:00:00,0.0,0.0
-722,Khoen On,2026-07-13 09:00:00,0.0,0.0
-722,Khoen On,2026-07-13 10:00:00,0.0,0.0
-722,Khoen On,2026-07-13 11:00:00,0.0,0.0
-722,Khoen On,2026-07-13 12:00:00,0.0,0.0
-722,Khoen On,2026-07-13 13:00:00,0.0,0.0
-722,Khoen On,2026-07-13 14:00:00,0.0,0.0
-722,Khoen On,2026-07-13 15:00:00,0.0,0.0
-722,Khoen On,2026-07-13 16:00:00,0.0,0.0
-722,Khoen On,2026-07-13 17:00:00,0.0,0.0
-722,Khoen On,2026-07-13 18:00:00,0.0,0.0
-722,Khoen On,2026-07-13 19:00:00,0.0,0.0
-722,Khoen On,2026-07-13 20:00:00,0.0,0.0
-722,Khoen On,2026-07-13 21:00:00,0.0,0.0
-722,Khoen On,2026-07-13 22:00:00,0.0,0.0
-722,Khoen On,2026-07-13 23:00:00,0.0,0.0
-722,Khoen On,2026-07-14 00:00:00,0.0,0.0
-722,Khoen On,2026-07-14 01:00:00,0.0,0.0
-722,Khoen On,2026-07-14 02:00:00,0.0,0.0
-722,Khoen On,2026-07-14 03:00:00,0.0,0.0
-722,Khoen On,2026-07-14 04:00:00,0.0,0.0
-722,Khoen On,2026-07-14 05:00:00,0.0,0.0
-722,Khoen On,2026-07-14 06:00:00,0.0,0.0
-722,Khoen On,2026-07-14 07:00:00,0.0,0.0
-722,Khoen On,2026-07-14 08:00:00,0.0,0.0
-722,Khoen On,2026-07-14 09:00:00,0.0,0.0
-722,Khoen On,2026-07-14 10:00:00,0.0,0.0
-722,Khoen On,2026-07-14 11:00:00,0.0,0.0
-722,Khoen On,2026-07-14 12:00:00,0.0,0.0
-722,Khoen On,2026-07-14 13:00:00,0.0,0.0
-722,Khoen On,2026-07-14 14:00:00,0.0,0.0
-722,Khoen On,2026-07-14 15:00:00,0.0,0.0
-722,Khoen On,2026-07-14 16:00:00,0.0,0.0
-722,Khoen On,2026-07-14 17:00:00,0.0,0.0
-722,Khoen On,2026-07-14 18:00:00,0.0,0.0
-722,Khoen On,2026-07-14 19:00:00,0.0,0.0
-722,Khoen On,2026-07-14 20:00:00,0.0,0.0
-722,Khoen On,2026-07-14 21:00:00,0.0,0.0
-722,Khoen On,2026-07-14 22:00:00,0.0,0.0
-722,Khoen On,2026-07-14 23:00:00,0.0,0.0
-722,Khoen On,2026-07-15 00:00:00,0.0,0.0
-722,Khoen On,2026-07-15 01:00:00,0.0,0.0
-722,Khoen On,2026-07-15 02:00:00,0.0,0.0
-722,Khoen On,2026-07-15 03:00:00,0.0,0.0
-722,Khoen On,2026-07-15 04:00:00,0.0,0.0
-722,Khoen On,2026-07-15 05:00:00,0.0,0.0
-722,Khoen On,2026-07-15 06:00:00,0.0,0.0
-722,Khoen On,2026-07-15 07:00:00,0.0,0.0
-722,Khoen On,2026-07-15 08:00:00,0.0,0.0
-722,Khoen On,2026-07-15 09:00:00,0.0,0.0
-722,Khoen On,2026-07-15 10:00:00,0.0,0.0
-722,Khoen On,2026-07-15 11:00:00,0.0,0.0
-722,Khoen On,2026-07-15 12:00:00,0.0,0.0
-722,Khoen On,2026-07-15 13:00:00,0.0,0.0
-722,Khoen On,2026-07-15 14:00:00,0.0,0.0